tissue	phenotype_id	trait	qtl_cs_id	finngen_region	finngen_cs
CLNTRN	ENSG00000100906__PC6	L12_PSORIASIS	1	chr14:33902011-36902011	1
KDNCTX	ENSG00000228336__PC3	L12_URTICA_NAS	1	chr1:246056467-248956422	1
STMACH	ENSG00000056972__PC3	L12_PSORIASIS	1	chr6:110092059-113092059	1
ARTTBL	ENSG00000162104__PC7	BMI_IRN	1	chr16:0-5314281	2
SNTTRM	ENSG00000184007__PC14	Q17_CONGEN_MALFO_OVARIES_FALLOP_TUBES_BROAD_LIGAM	1	chr1:30410859-33410859	1
BRNCTXB	ENSG00000111371__PC10	HEIGHT_IRN	1	chr12:44591048-50272593	1
BRNACC	ENSG00000154252__PC15	J10_LOWCHRON	1	chr2:240259225-242193529	1
BRNNCC	ENSG00000060237__PC8	WEIGHT_IRN	1	chr12:0-2395041	1
PNCREAS	ENSG00000167112__PC1	WEIGHT_IRN	1	chr9:125817311-132130134	3
BRNCHB	ENSG00000172733__PC6	BMI_IRN	1	chr8:29910856-32910856	2
SKINS	ENSG00000143631__PC6	L12_ATOPIC	2	chr1:149061068-154791232	4
BRNSPC	ENSG00000091831__PC1	C3_CANCER_EXALLC	1	chr6:150607569-153607569	1
BRNCTXB	ENSG00000146221__PC3	H7_RETINALDISOTH	2	chr6:42360845-45360845	1
VAGINA	ENSG00000179335__PC4	H7_GLAUCOMA_XFG	1	chr15:70557400-76053724	6
BRNHPP	ENSG00000180432__PC7	O15_ICP_WIDE_EXMORE	1	chr3:41372520-44372520	1
WHLBLD	ENSG00000176410__PC15	I9_THAORTANEUR	1	chr7:72510746-75510746	1
BRNACC	ENSG00000154252__PC15	J10_ASTHMA_MAIN_EXMORE	1	chr2:240271867-242193529	1
ARTTBL	ENSG00000197457__PC12	ULCERNAS	2	chr20:62139284-64444167	1
BRNHPT	ENSG00000135476__PC1	PRIM_KNEEARTHROSIS	1	chr12:51572421-54572421	1
MSCLSK	ENSG00000101440__PC9	C3_CANCER_EXALLC	1	chr20:32577942-35577942	1
